iter	Logloss
0	0.6565447137
1	0.6233709863
2	0.5979713585
3	0.5769588717
4	0.5607989134
